golden_id,true_intent,true_escalate,pipeline_intent,pipeline_confidence,reply_draft,pipeline_grounded,pipeline_decision,pipeline_reason,pipeline_grounding_overlap,trivial_intent,trivial_reply,trivial_decision,trivial_reason,trivial_grounding_overlap,simple_intent,simple_reply,simple_decision,simple_reason,simple_grounding_overlap,customer_text,human_overall
g0201,complaint_negative_other,True,complaint_negative_other,0.95,We apologize for the frustration with the lack of continuity. Could you please share more details about your issue so we can look into this further? ^CR,True,True,no sufficiently similar historical resolution found (best similarity 0.44) — drafted reply isn't grounded,0.3333333333333333,order_status_delivery,Thanks for reaching out — we're looking into this and will follow up with an update shortly.,False,trivial baseline never escalates,0.0,order_status_delivery,Sorry for the delay! Could you share your order ID so we can check the latest tracking status?,True,classifier confidence 0.28 below threshold 0.5,0.0,I’ve gone through the entire scenario so many times with so many different people it is ridiculous that there is no continuity of process.,3
g0213,order_status_delivery,True,order_status_delivery,0.95,"Please don't provide your order details, we consider it to be personal information. Our page is visible to the public. Please reach out to us here: and we'll check this for you. ^KA",True,False,"high classifier confidence (0.95), grounded reply (similarity 0.74), no anger markers",0.5833333333333334,order_status_delivery,Thanks for reaching out — we're looking into this and will follow up with an update shortly.,False,trivial baseline never escalates,0.0,refund_return_cancellation,We can help with that. Please share your order ID so we can start the refund/return process.,False,classifier confidence 0.68 met threshold,0.0,can you help me with the order #406-9837623-9502709. In Amazon account reflects order was active . But got Msg order cancelled.,5
g0138,refund_return_cancellation,False,refund_return_cancellation,0.99,You can review and manage your free trial settings by visiting Your Memberships and Subscriptions here: ^SK,True,False,"high classifier confidence (0.99), grounded reply (similarity 0.61), no anger markers",0.2083333333333333,order_status_delivery,Thanks for reaching out — we're looking into this and will follow up with an update shortly.,False,trivial baseline never escalates,0.0,refund_return_cancellation,We can help with that. Please share your order ID so we can start the refund/return process.,False,classifier confidence 0.60 met threshold,0.0,can you send me a link to cancel my free trial?,5
g0177,order_status_delivery,True,order_status_delivery,0.9,Could you please share your order ID and the email address associated with your account so we can check on this for you? ^HK,True,False,"high classifier confidence (0.90), grounded reply (similarity 0.56), no anger markers",0.4,order_status_delivery,Thanks for reaching out — we're looking into this and will follow up with an update shortly.,False,trivial baseline never escalates,0.0,order_status_delivery,Sorry for the delay! Could you share your order ID so we can check the latest tracking status?,True,classifier confidence 0.37 below threshold 0.5,0.0,"I raised this on 10th oct through an email, does it take this long for a solution, i need my phone pls, damn its a birthday gift for someone",5
g0015,app_website_technical,False,app_website_technical,0.95,I'm sorry for the trouble with the app. Please reach out to us here so we can take a closer look: ^RS,True,False,"high classifier confidence (0.95), grounded reply (similarity 0.66), no anger markers",0.4444444444444444,order_status_delivery,Thanks for reaching out — we're looking into this and will follow up with an update shortly.,False,trivial baseline never escalates,0.0,app_website_technical,Sorry about that! Could you share your device/browser and what happens when the issue occurs?,False,classifier confidence 0.72 met threshold,0.0,"Hi, keep getting an error after entering my password on app (something went wrong...) and unable to place orders as well (see video). Any ideas?",3
g0111,product_quality_defect,False,product_quality_defect,0.85,We want to make sure that you receive assistance with this order. Please reach out to us here at your convenience: ^SE,True,False,"high classifier confidence (0.85), grounded reply (similarity 0.55), no anger markers",1.0,order_status_delivery,Thanks for reaching out — we're looking into this and will follow up with an update shortly.,False,trivial baseline never escalates,0.0,order_status_delivery,Sorry for the delay! Could you share your order ID so we can check the latest tracking status?,True,classifier confidence 0.45 below threshold 0.5,0.0,It does not look like anything is broken however I did not receive the inside packing list,4
g0182,account_security,True,account_security,0.95,We'd like to help! Please reach out to us here: so we can look into this with you. ^ZW,True,True,intent 'account_security' involves money or account security — always routed to a human regardless of confidence,1.0,order_status_delivery,Thanks for reaching out — we're looking into this and will follow up with an update shortly.,False,trivial baseline never escalates,0.0,account_security,"For your security, please don't share account details here — contact us via the link in our bio to secure your account.",True,intent 'account_security' is always escalated regardless of confidence,0.0,I can’t get info my account and it won’t let me access the customer support page unless I sign in. How do I contact you,1
g0073,billing_payment_issue,True,billing_payment_issue,1.0,Please don’t provide your details as we consider them to be personal information. Our Twitter page is public. ^SA,True,True,intent 'billing_payment_issue' involves money or account security — always routed to a human regardless of confidence,0.95,order_status_delivery,Thanks for reaching out — we're looking into this and will follow up with an update shortly.,False,trivial baseline never escalates,0.0,order_status_delivery,Sorry for the delay! Could you share your order ID so we can check the latest tracking status?,False,classifier confidence 0.53 met threshold,0.0,406-5251809-1751532 why charges for amazon pantry when the order is above 1k,5
g0205,refund_return_cancellation,False,refund_return_cancellation,0.95,I'd like to check on the status of your return. Could you please share the order details with us via DM? ^AK,True,False,"high classifier confidence (0.95), grounded reply (similarity 0.64), no anger markers",0.3684210526315789,order_status_delivery,Thanks for reaching out — we're looking into this and will follow up with an update shortly.,False,trivial baseline never escalates,0.0,order_status_delivery,Sorry for the delay! Could you share your order ID so we can check the latest tracking status?,True,classifier confidence 0.34 below threshold 0.5,0.0,"I am returning an order and have my proof from the post office, but not had a confirmation from you yet. Posted it Saturday. Thanks",5
g0139,product_quality_defect,True,billing_payment_issue,0.85,We understand your concern regarding the MRP shown on the product and the website. Please share the order details via DM so we can check this for you. ^MK,True,True,intent 'billing_payment_issue' involves money or account security — always routed to a human regardless of confidence,0.2631578947368421,order_status_delivery,Thanks for reaching out — we're looking into this and will follow up with an update shortly.,False,trivial baseline never escalates,0.0,billing_payment_issue,Sorry about the charge confusion — please share your order ID so we can review the billing details.,True,intent 'billing_payment_issue' is always escalated regardless of confidence,0.0,I guess you didn't get it right. I wanted to show you the MRP written on the product label and the MRP mentioned on your page.,5
g0159,app_website_technical,False,app_website_technical,0.95,"I'm sorry for the trouble you had canceling your order through the mobile version. So we can look into this, please reach out to us here: ^RA",True,False,"high classifier confidence (0.95), grounded reply (similarity 0.64), no anger markers",0.625,order_status_delivery,Thanks for reaching out — we're looking into this and will follow up with an update shortly.,False,trivial baseline never escalates,0.0,refund_return_cancellation,We can help with that. Please share your order ID so we can start the refund/return process.,False,classifier confidence 0.54 met threshold,0.0,Looks like the mobile version would not cancel my order. I loaded a desktop view and that worked just fine. I tried the mobile a few times,5
g0030,complaint_negative_other,True,complaint_negative_other,0.9,"I understand your frustration. For security reasons, we are unable to access your details from here. Please reach out to us via the link we've previously shared so we can assist you further. ^HN",True,True,message contains strong negative-sentiment language — routed to a human to de-escalate,0.6190476190476191,order_status_delivery,Thanks for reaching out — we're looking into this and will follow up with an update shortly.,False,trivial baseline never escalates,0.0,order_status_delivery,Sorry for the delay! Could you share your order ID so we can check the latest tracking status?,True,classifier confidence 0.39 below threshold 0.5,0.0,My problems have been well documented&amp;you should be able to see the notes. It is ridiculous that I have to contact you again!,2
g0190,general_inquiry,False,general_inquiry,0.85,Please don’t provide your account details as it is personal information. Our Twitter page is visible to the public. ^MS,True,False,"high classifier confidence (0.85), grounded reply (similarity 0.67), no anger markers",1.0,order_status_delivery,Thanks for reaching out — we're looking into this and will follow up with an update shortly.,False,trivial baseline never escalates,0.0,account_security,"For your security, please don't share account details here — contact us via the link in our bio to secure your account.",True,intent 'account_security' is always escalated regardless of confidence,0.0,I never submitted my email id i login through my phone number,5
g0009,compliment_positive_feedback,False,compliment_positive_feedback,0.99,Glad to hear it's sorted. Reach out again if anything else comes up. ^MK,True,False,"high classifier confidence (0.99), grounded reply (similarity 0.57), no anger markers",0.2,order_status_delivery,Thanks for reaching out — we're looking into this and will follow up with an update shortly.,False,trivial baseline never escalates,0.0,compliment_positive_feedback,Thank you so much for the kind words — we'll pass it along to the team!,False,classifier confidence 0.92 met threshold,0.0,Thank you - now sorted with an email. #HappyCustomer,5
g0067,app_website_technical,False,app_website_technical,0.95,Sorry about that. I understand your concern. Could you please share the device and browser you are using so we can look into this for you? ^SB,True,True,message contains strong negative-sentiment language — routed to a human to de-escalate,0.4705882352941176,order_status_delivery,Thanks for reaching out — we're looking into this and will follow up with an update shortly.,False,trivial baseline never escalates,0.0,order_status_delivery,Sorry for the delay! Could you share your order ID so we can check the latest tracking status?,True,classifier confidence 0.43 below threshold 0.5,0.0,No - if I try to review it only has the stars but the review box doesn't appear at all. I know that other bloggers are having same issue.,5
g0176,complaint_negative_other,True,complaint_negative_other,0.95,We want to help make this right. Could you please share the details of what happened so we can look into it? ^SY,True,False,"high classifier confidence (0.95), grounded reply (similarity 0.57), no anger markers",0.238095238095238,order_status_delivery,Thanks for reaching out — we're looking into this and will follow up with an update shortly.,False,trivial baseline never escalates,0.0,order_status_delivery,Sorry for the delay! Could you share your order ID so we can check the latest tracking status?,True,classifier confidence 0.34 below threshold 0.5,0.0,yes but no satisfactory resolution hate your customer service,4
g0172,account_security,True,account_security,0.95,Apologies for the frustrating experience with our Account Specialists. Could you share more details about the message you received so we can review this? ^TP,True,True,intent 'account_security' involves money or account security — always routed to a human regardless of confidence,0.2631578947368421,order_status_delivery,Thanks for reaching out — we're looking into this and will follow up with an update shortly.,False,trivial baseline never escalates,0.0,order_status_delivery,Sorry for the delay! Could you share your order ID so we can check the latest tracking status?,True,classifier confidence 0.32 below threshold 0.5,0.0,"well, what a waste of time it was dealing with Amazon account specialist. Fraudulent activity on my acc. A copy n paste reply.",5
g0018,app_website_technical,True,general_inquiry,0.6,We'd like to take a closer look into this for you. Please reach out to us here with more details: ^PS,True,False,"high classifier confidence (0.60), grounded reply (similarity 0.72), no anger markers",0.4,order_status_delivery,Thanks for reaching out — we're looking into this and will follow up with an update shortly.,False,trivial baseline never escalates,0.0,app_website_technical,Sorry about that! Could you share your device/browser and what happens when the issue occurs?,False,classifier confidence 0.93 met threshold,0.0,"I haven't, because I had talked to your tele customer support call back from the app in the afternoon and the link seemed to be for same.",3
g0154,spam_unrelated,True,complaint_negative_other,0.6,Could you provide more details about the issue you are experiencing? ^AB,True,False,"high classifier confidence (0.60), grounded reply (similarity 0.55), no anger markers",0.0625,order_status_delivery,Thanks for reaching out — we're looking into this and will follow up with an update shortly.,False,trivial baseline never escalates,0.0,order_status_delivery,Sorry for the delay! Could you share your order ID so we can check the latest tracking status?,True,classifier confidence 0.48 below threshold 0.5,0.0,??,4
g0066,billing_payment_issue,True,billing_payment_issue,0.95,"Apologies for the trouble with your payment, Harshad. Please reach out to us here: amzn.to/support so we can look into this for you. ^VB",True,True,intent 'billing_payment_issue' involves money or account security — always routed to a human regardless of confidence,0.3333333333333333,order_status_delivery,Thanks for reaching out — we're looking into this and will follow up with an update shortly.,False,trivial baseline never escalates,0.0,refund_return_cancellation,We can help with that. Please share your order ID so we can start the refund/return process.,False,classifier confidence 0.52 met threshold,0.0,"I wanted to buy a prestige juicer from your site, done online payment twice but I don't know how it is cancelled.",5
g0186,product_quality_defect,True,product_quality_defect,0.95,I understand your concern. Could you please confirm sharing your details through the secure link provided here: ^AP,True,False,"high classifier confidence (0.95), grounded reply (similarity 0.57), no anger markers",1.0,order_status_delivery,Thanks for reaching out — we're looking into this and will follow up with an update shortly.,False,trivial baseline never escalates,0.0,order_status_delivery,Sorry for the delay! Could you share your order ID so we can check the latest tracking status?,False,classifier confidence 0.87 met threshold,0.0,"This is what they did with me, ordered and paid 1224 for JiowifiM2 &amp; Delivered JIofi150MB which Cost 999,Now say how2 Believe ?",4
g0142,refund_return_cancellation,True,refund_return_cancellation,0.95,I understand your concern about the refund. Please reach out to us via chat so we can review this for you. ^SY,True,False,"high classifier confidence (0.95), grounded reply (similarity 0.55), no anger markers",0.5625,order_status_delivery,Thanks for reaching out — we're looking into this and will follow up with an update shortly.,False,trivial baseline never escalates,0.0,refund_return_cancellation,We can help with that. Please share your order ID so we can start the refund/return process.,False,classifier confidence 0.91 met threshold,0.0,"nothing yet!are you going to refund my money? don't send me a link...refund by EOD, I am going to write this to Mr. Thota",1
g0079,general_inquiry,True,general_inquiry,0.95,Thanks for reaching out to us. Could you please share the link to the site in question so we can look into this for you? ^MA,True,False,"high classifier confidence (0.95), grounded reply (similarity 0.68), no anger markers",0.3157894736842105,order_status_delivery,Thanks for reaching out — we're looking into this and will follow up with an update shortly.,False,trivial baseline never escalates,0.0,product_quality_defect,Sorry to hear the item arrived damaged/incorrect. Please share your order ID so we can arrange a replacement or refund.,False,classifier confidence 0.53 met threshold,0.0,"Is this your official site or fake ? ,",5
g0025,app_website_technical,False,app_website_technical,0.95,I'm sorry for the trouble with the Android app. Could you elaborate on the issue you are facing so that we can assist you accordingly? ^SP,True,False,"high classifier confidence (0.95), grounded reply (similarity 0.56), no anger markers",0.6111111111111112,order_status_delivery,Thanks for reaching out — we're looking into this and will follow up with an update shortly.,False,trivial baseline never escalates,0.0,app_website_technical,Sorry about that! Could you share your device/browser and what happens when the issue occurs?,False,classifier confidence 0.66 met threshold,0.0,the difficulty of adding an an address in your Android app is embarrassing,4
g0104,product_quality_defect,True,product_quality_defect,0.95,I'm sorry to hear about your experience with this item. Please reach out to us here: https://amazon.com/gp/help/customer/contact-us so we can look into this for you. ^HS,True,False,"high classifier confidence (0.95), grounded reply (similarity 0.54), no anger markers",0.3,order_status_delivery,Thanks for reaching out — we're looking into this and will follow up with an update shortly.,False,trivial baseline never escalates,0.0,billing_payment_issue,Sorry about the charge confusion — please share your order ID so we can review the billing details.,True,intent 'billing_payment_issue' is always escalated regardless of confidence,0.0,"I bought fake product in , but it was charged real product price. It was a doll to my daughter. Hope it’s not toxic.",4
g0146,product_quality_defect,True,product_quality_defect,0.85,I'm sorry the packaging was damaged. You can check return and replacement options here: or reach out to us here: ^AN,True,False,"high classifier confidence (0.85), grounded reply (similarity 0.53), no anger markers",0.5416666666666666,order_status_delivery,Thanks for reaching out — we're looking into this and will follow up with an update shortly.,False,trivial baseline never escalates,0.0,compliment_positive_feedback,Thank you so much for the kind words — we'll pass it along to the team!,False,classifier confidence 0.75 met threshold,0.0,Thank you for embarrassing me by wrapping a gift with damaged paper. 1/n,2
g0161,general_inquiry,False,general_inquiry,0.9,Sorry for the trouble signing in to your teen account on the website. Please reach out to us via chat through our website so we can look into this further with you. ^YP,True,False,"high classifier confidence (0.90), grounded reply (similarity 0.56), no anger markers",0.25,order_status_delivery,Thanks for reaching out — we're looking into this and will follow up with an update shortly.,False,trivial baseline never escalates,0.0,app_website_technical,Sorry about that! Could you share your device/browser and what happens when the issue occurs?,False,classifier confidence 0.63 met threshold,0.0,"I am on my PC, when I get that error. Is there a way to make it so I can login through the Website with the teen account?",4
g0016,product_quality_defect,True,product_quality_defect,0.85,I'm sorry to hear about the issue with the invoice details on your products. Could you please share the order details with us via DM so we can look into this for you? ^SK,True,False,"high classifier confidence (0.85), grounded reply (similarity 0.59), no anger markers",0.3043478260869565,order_status_delivery,Thanks for reaching out — we're looking into this and will follow up with an update shortly.,False,trivial baseline never escalates,0.0,order_status_delivery,Sorry for the delay! Could you share your order ID so we can check the latest tracking status?,True,classifier confidence 0.42 below threshold 0.5,0.0,#fraud #chor Invoice with no Imei on most of the products,5
g0045,app_website_technical,False,refund_return_cancellation,0.95,I'm so sorry for the confusion with the return label. Let's take a closer look into this with you here: ^AB,True,False,"high classifier confidence (0.95), grounded reply (similarity 0.65), no anger markers",0.6666666666666666,order_status_delivery,Thanks for reaching out — we're looking into this and will follow up with an update shortly.,False,trivial baseline never escalates,0.0,refund_return_cancellation,We can help with that. Please share your order ID so we can start the refund/return process.,True,classifier confidence 0.49 below threshold 0.5,0.0,I picked ups pick up return option because it said I didn’t need a printer. Next page opens up and it says print label? 🤷‍♂️,5
g0199,app_website_technical,False,app_website_technical,0.95,Hi. You can change your country settings in the Amazon app menu by going to Settings and selecting Country/Region. ^NK,False,True,no sufficiently similar historical resolution found (best similarity 0.63) — drafted reply isn't grounded,0.2222222222222222,order_status_delivery,Thanks for reaching out — we're looking into this and will follow up with an update shortly.,False,trivial baseline never escalates,0.0,app_website_technical,Sorry about that! Could you share your device/browser and what happens when the issue occurs?,False,classifier confidence 0.75 met threshold,0.0,"just updated amazon app and it switched from USA to Mexico. I am in MX but shop way more from US site, how can i get the US app?",5
